id_area;municipio;area;località;obj_id;codice;descrizione_codice;data_ini;area_mq;perim_m;LONG_X_4326;LAT_Y_4326;Location
1_043;1;043;via Ronzoni;132009;S327554;Area fruizione cani;2017/02/27;573.68743245392;165.347310230165;9.1763458105;45.4545524201;"(45.4545524201, 9.1763458105)"
1_308;1;308;giardino Renata Tebaldi;25318;S327554;Area fruizione cani;2006/03/15;353.23854999883;80.318582984;9.1669679078;45.4692691347;"(45.4692691347, 9.1669679078)"
1_213;1;213;giardino Malgeri Alfredo;176223;S327554;Area fruizione cani;2024/05/18;182.406688330467;54.4397796834277;9.190529718;45.4804715534;"(45.4804715534, 9.190529718)"
1_092;1;092;giardino Roberto Bazlen;114785;S327554;Area fruizione cani;2013/05/06;70.9188518099706;41.8376880068486;9.1983196986;45.4543460274;"(45.4543460274, 9.1983196986)"
1_239;1;239;viale Beatrice d'Este;52831;S327554;Area fruizione cani;2011/04/15;914.70626402578;189.052020988162;9.1892393032;45.4519613501;"(45.4519613501, 9.1892393032)"
1_264;1;264;viale Elvezia;49682;S327554;Area fruizione cani;2010/04/23;714.829023672755;126.98364575397;9.1755008385;45.4773913991;"(45.4773913991, 9.1755008385)"
1_153;1;153;giardino della Guastalla;25331;S327554;Area fruizione cani;2003/12/11;69.7726999995882;30.3036877010529;9.1982943801;45.4599057042;"(45.4599057042, 9.1982943801)"
1_253;1;253;piazzale Baracca;25475;S327554;Area fruizione cani;2003/06/27;321.76769999614;82.1202536617964;9.165642185;45.4664624874;"(45.4664624874, 9.165642185)"
1_210;1;210;viale Monte Santo;141629;S327554;Area fruizione cani;2019/10/11;776.579187841048;147.754976343056;9.1949805796;45.4790039212;"(45.4790039212, 9.1949805796)"
1_270;1;270;giardino Custrà Antonio;25340;S327554;Area fruizione cani;2003/08/29;194.980450014481;170.05534249251;9.168893009;45.4603421413;"(45.4603421413, 9.168893009)"
1_231;1;231;viale Bianca Maria;25453;S327554;Area fruizione cani;2004/01/19;377.668327948443;104.27876171331;9.2059561479;45.4668691622;"(45.4668691622, 9.2059561479)"
1_158;1;158;parco Papa Giovanni Paolo II;113358;S327554;Area fruizione cani;2012/10/15;1567.10699084968;187.603115170547;9.1831416213;45.4580095154;"(45.4580095154, 9.1831416213)"
1_158;1;158;parco Papa Giovanni Paolo II;25469;S327554;Area fruizione cani;2003/08/29;960.63474999693;128.187071988568;9.1821748802;45.4545818869;"(45.4545818869, 9.1821748802)"
1_059;1;059;piazza Venino;25395;S327554;Area fruizione cani;2003/05/16;351.538849994839;117.285952351015;9.169229591;45.4609934521;"(45.4609934521, 9.169229591)"
1_250;1;250;largo Quinto Alpini;50324;S327554;Area fruizione cani;2010/06/08;94.3508487431049;46.4926614819969;9.1680916231;45.4727784338;"(45.4727784338, 9.1680916231)"
1_227;1;227;viale Caldara;141326;S327554;Area fruizione cani;2019/07/16;549.244338981262;120.966086699235;9.2028963235;45.4542281645;"(45.4542281645, 9.2028963235)"
1_151;1;151;parco Sempione;25360;S327554;Area fruizione cani;2004/01/23;4231.48900578094;305.125702690401;9.1799981138;45.4737473546;"(45.4737473546, 9.1799981138)"
1_151;1;151;parco Sempione;25359;S327554;Area fruizione cani;2004/01/23;8207.32464998303;519.143524504974;9.1807764681;45.4759905648;"(45.4759905648, 9.1807764681)"
1_151;1;151;parco Sempione;25358;S327554;Area fruizione cani;2004/01/23;2484.93969999424;205.35171498763;9.1716999324;45.4746440535;"(45.4746440535, 9.1716999324)"
1_151;1;151;parco Sempione;25396;S327554;Area fruizione cani;2004/01/23;10995.609850018;732.72285937591;9.1752708524;45.4707345748;"(45.4707345748, 9.1752708524)"
1_121;1;121;giardini Montanelli Indro;25455;S327554;Area fruizione cani;2003/11/11;7942.42555000421;343.598959855449;9.1984126004;45.4741069528;"(45.4741069528, 9.1984126004)"
1_121;1;121;giardini Montanelli Indro;25454;S327554;Area fruizione cani;2003/11/11;4657.1737999926;305.547007530406;9.1988393066;45.4759303517;"(45.4759303517, 9.1988393066)"
2_022;2;022;via Giulietti;105862;S327554;Area fruizione cani;2012/04/10;363.469223869964;79.2692638838965;9.2462409854;45.5074646767;"(45.5074646767, 9.2462409854)"
2_053;2;053;vie Vittorelli - Padova;46950;S327554;Area fruizione cani;2009/07/01;836.773418416389;145.014795710421;9.2430787546;45.5071983722;"(45.5071983722, 9.2430787546)"
2_115;2;115;vie Zuretti - Tirano - Naviglio Martesana;25311;S327554;Area fruizione cani;2003/05/29;316.263750001184;71.6493755365691;9.2115661154;45.4979598404;"(45.4979598404, 9.2115661154)"
2_098;2;098;parco Trotter;25486;S327554;Area fruizione cani;2003/08/01;1010.90794997531;157.226984236353;9.2237353145;45.4924920088;"(45.4924920088, 9.2237353145)"
2_098;2;098;parco Trotter;25485;S327554;Area fruizione cani;2003/08/01;1795.7150000035;298.107719150104;9.2228242148;45.4954325037;"(45.4954325037, 9.2228242148)"
2_112;2;112;piazzale Farina;173262;S327554;Area fruizione cani;2023/02/25;560.008820278702;97.6549457144851;9.200037726;45.4989263691;"(45.4989263691, 9.200037726)"
2_119;2;119;piazza Carbonari;123590;S327554;Area fruizione cani;2015/09/25;1796.58764443065;205.134035535274;9.2005100811;45.4931347888;"(45.4931347888, 9.2005100811)"
2_119;2;119;piazza Carbonari;123589;S327554;Area fruizione cani;2015/09/25;942.59353616069;147.748785450018;9.2000448366;45.494623695;"(45.494623695, 9.2000448366)"
2_036;2;036;vie Giacometti - Gilardi - Breda;43545;S327554;Area fruizione cani;2003/05/29;365.56416356296;114.726890727349;9.2205237847;45.5139865205;"(45.5139865205, 9.2205237847)"
2_036;2;036;vie Giacometti - Gilardi - Breda;46948;S327554;Area fruizione cani;2009/07/01;927.654759374837;129.270228777933;9.2185587307;45.5140638476;"(45.5140638476, 9.2185587307)"
2_011;2;011;vie Dal Pozzo Toscanelli - Rottole;50632;S327554;Area fruizione cani;2010/10/04;514.925300000962;117.532810695231;9.2427807233;45.5035126585;"(45.5035126585, 9.2427807233)"
2_043;2;043;via Giacosa;138680;S327554;Area fruizione cani;2017/12/27;465.435962577212;136.138839261986;9.2223217827;45.493523628;"(45.493523628, 9.2223217827)"
2_258;2;258;giardino Franca Rame;118817;S327554;Area fruizione cani;2014/05/17;1459.40605560094;175.863674764704;9.2389041522;45.5159906964;"(45.5159906964, 9.2389041522)"
2_057;2;057;via Cislaghi;171901;S327554;Area fruizione cani;2022/04/22;763.576100824499;124.246833772425;9.2281339279;45.5136353797;"(45.5136353797, 9.2281339279)"
2_013;2;013;parco Panza;131336;S327554;Area fruizione cani;2016/12/28;3788.19536315361;278.383119443289;9.2233540188;45.5219512419;"(45.5219512419, 9.2233540188)"
2_221;2;221;vie Breda - Angeleri;138679;S327554;Area fruizione cani;2017/10/16;628.143086404896;124.557380546304;9.2130631066;45.5101446849;"(45.5101446849, 9.2130631066)"
2_001;2;001;vie Trasimeno - San Mamete;138683;S327554;Area fruizione cani;2017/10/09;863.404636222768;135.500961490581;9.2524473854;45.5129734565;"(45.5129734565, 9.2524473854)"
2_049;2;049;via Rucellai;122426;S327554;Area fruizione cani;2015/06/03;361.977430304349;90.8369985345092;9.2170714865;45.5117539571;"(45.5117539571, 9.2170714865)"
2_030;2;030;vie Mariani Pompeo - Padre Semeria;166290;S327554;Area fruizione cani;2019/05/17;864.95778074181;121.568526400444;9.230916801;45.5115857524;"(45.5115857524, 9.230916801)"
2_030;2;030;vie Mariani Pompeo - Padre Semeria;166291;S327554;Area fruizione cani;2019/05/17;623.246619827988;105.483374712969;9.2308301412;45.5118153124;"(45.5118153124, 9.2308301412)"
2_120;2;120;largo San Valentino;46952;S327554;Area fruizione cani;2009/07/01;567.485879291053;86.8793450562225;9.2129810608;45.4967820341;"(45.4967820341, 9.2129810608)"
2_272;2;272;via Mulas;141057;S327554;Area fruizione cani;2019/05/25;1726.42489093293;167.290998622934;9.2406744722;45.5187095374;"(45.5187095374, 9.2406744722)"
2_027;2;027;parco Francesco Di Cataldo;25477;S327554;Area fruizione cani;2003/08/01;1065.53410004051;277.95161710088;9.2331661478;45.5127884882;"(45.5127884882, 9.2331661478)"
2_027;2;027;parco Francesco Di Cataldo;25478;S327554;Area fruizione cani;2003/08/01;2401.27524999375;190.753076343365;9.2332669082;45.5143547236;"(45.5143547236, 9.2332669082)"
2_126;2;126;giardino Aldo Protti e Gregor Mendel;25495;S327554;Area fruizione cani;2003/08/01;943.183100006758;122.074675229881;9.1960072035;45.4883393008;"(45.4883393008, 9.1960072035)"
2_126;2;126;giardino Aldo Protti e Gregor Mendel;130784;S327554;Area fruizione cani;2016/10/06;673.671761090143;146.479789726271;9.1977314768;45.4904434835;"(45.4904434835, 9.1977314768)"
2_231;2;231;viale Monza;166292;S327554;Area fruizione cani;2016/04/27;601.217382286548;97.7795233758862;9.2228601326;45.5080521695;"(45.5080521695, 9.2228601326)"
2_231;2;231;viale Monza;166293;S327554;Area fruizione cani;2016/04/27;410.202109529414;90.0125377274237;9.222658482;45.5080565319;"(45.5080565319, 9.222658482)"
2_167;2;167;giardino Gabriele Basilico;25304;S327554;Area fruizione cani;2003/08/01;555.935599998234;118.915950906723;9.2105540222;45.4870732495;"(45.4870732495, 9.2105540222)"
2_285;2;285;vie Rho - Conti Carlo;175388;S327554;Area fruizione cani;2023/10/03;1085.673962771;158.583741551979;9.215223885;45.4998475771;"(45.4998475771, 9.215223885)"
2_204;2;204;parco Adriano;47472;S327554;Area fruizione cani;2009/07/01;1146.58389923621;147.702017717163;9.2486687597;45.5185246873;"(45.5185246873, 9.2486687597)"
2_204;2;204;parco Adriano;48565;S327554;Area fruizione cani;2009/07/02;4709.62676004903;268.336076353313;9.2540068132;45.515996755;"(45.515996755, 9.2540068132)"
2_062;2;062;parco Martiri delle Libertà Iracheni Vittime del Terrorismo;114897;S327554;Area fruizione cani;2013/05/14;2537.59942159656;251.104915462616;9.2344970933;45.5041471625;"(45.5041471625, 9.2344970933)"
2_062;2;062;parco Martiri delle Libertà Iracheni Vittime del Terrorismo;123592;S327554;Area fruizione cani;2015/09/30;2601.70090070243;288.014770019454;9.2295944674;45.503016638;"(45.503016638, 9.2295944674)"
2_062;2;062;parco Martiri delle Libertà Iracheni Vittime del Terrorismo;123591;S327554;Area fruizione cani;2015/09/30;3529.61115069818;246.715236790258;9.232757191;45.5021779699;"(45.5021779699, 9.232757191)"
2_062;2;062;parco Martiri delle Libertà Iracheni Vittime del Terrorismo;25382;S327554;Area fruizione cani;2003/07/23;481.951049996103;100.894671370548;9.2354695293;45.5044061134;"(45.5044061134, 9.2354695293)"
2_282;2;282;giardino Sandra Mondaini e Raimondo Vianello;174251;S327554;Area fruizione cani;2023/04/11;1414.62377257993;154.538366757447;9.23578867;45.5161904105;"(45.5161904105, 9.23578867)"
2_033;2;033;vie Petrocchi - Bertelli;167079;S327554;Area fruizione cani;2016/03/21;1532.43765489029;188.02727578649;9.2285071746;45.5033003909;"(45.5033003909, 9.2285071746)"
2_061;2;061;parco Villa Finzi;174719;S327554;Area fruizione cani;2023/07/07;1634.02072266635;162.036944823931;9.2196833301;45.5039146035;"(45.5039146035, 9.2196833301)"
3_050;3;050;giardino Polotti Giulio;25314;S327554;Area fruizione cani;2005/05/20;860.263852601593;115.159030029413;9.2207715101;45.48393413;"(45.48393413, 9.2207715101)"
3_050;3;050;giardino Polotti Giulio;25398;S327554;Area fruizione cani;2005/05/20;975.298550008393;144.337415691395;9.2196840504;45.4835896594;"(45.4835896594, 9.2196840504)"
3_050;3;050;giardino Polotti Giulio;25397;S327554;Area fruizione cani;2005/05/20;147.444249995284;66.2327598075365;9.219776614;45.4837730262;"(45.4837730262, 9.219776614)"
3_050;3;050;giardino Polotti Giulio;25371;S327554;Area fruizione cani;2005/05/20;226.668350002388;89.4478982924492;9.2194700478;45.4839445403;"(45.4839445403, 9.2194700478)"
3_186;3;186;giardini Giovanni Falcone e Paolo Borsellino;25481;S327554;Area fruizione cani;2003/07/15;505.472950006789;94.8375801748314;9.2077172055;45.4805559744;"(45.4805559744, 9.2077172055)"
3_121;3;121;via Pitteri;130905;S327554;Area fruizione cani;2016/09/30;519.699059774196;105.718405500696;9.2478736584;45.4747871198;"(45.4747871198, 9.2478736584)"
3_006;3;006;giardino Ramelli Sergio;25387;S327554;Area fruizione cani;2003/07/14;396.205649999641;101.060555912582;9.2209789723;45.476026741;"(45.476026741, 9.2209789723)"
3_006;3;006;giardino Ramelli Sergio;172119;S327554;Area fruizione cani;2022/07/11;522.304004377918;126.986537211511;9.2207933791;45.4762219654;"(45.4762219654, 9.2207933791)"
3_191;3;191;giardino Alberto Vigevani;120572;S327554;Area fruizione cani;2015/02/03;342.367145008317;74.2472172896249;9.2168640227;45.4679210578;"(45.4679210578, 9.2168640227)"
3_143;3;143;via Feltre;47492;S327554;Area fruizione cani;2009/08/31;1493.99839151717;172.680099440524;9.2479952502;45.4912342552;"(45.4912342552, 9.2479952502)"
3_048;3;048;viale Argonne;173164;S327554;Area fruizione cani;2022/11/24;470.031497435875;149.526559457285;9.2309241563;45.4679728569;"(45.4679728569, 9.2309241563)"
3_048;3;048;viale Argonne;173163;S327554;Area fruizione cani;2022/11/24;416.247132365844;127.359488788522;9.2256441386;45.4679353522;"(45.4679353522, 9.2256441386)"
3_048;3;048;viale Argonne;173162;S327554;Area fruizione cani;2022/11/24;612.074196829433;174.707833617999;9.2263115744;45.4680799631;"(45.4680799631, 9.2263115744)"
3_048;3;048;viale Argonne;173152;S327554;Area fruizione cani;2022/11/24;442.323431519957;150.970622860007;9.2290895371;45.4679568766;"(45.4679568766, 9.2290895371)"
3_166;3;166;via Rizzoli;51085;S327554;Area fruizione cani;2010/10/21;4340.31057935896;290.665464611946;9.2577058068;45.5102270089;"(45.5102270089, 9.2577058068)"
3_192;3;192;giardino Italo Pietra;174439;S327554;Area fruizione cani;2023/06/08;479.165980467677;96.0229373160888;9.2129564898;45.4678429444;"(45.4678429444, 9.2129564898)"
3_016;3;016;via Marescalchi - San Gerolamo;116282;S327554;Area fruizione cani;2013/11/29;798.995470536993;121.044206294812;9.2371985578;45.4696275953;"(45.4696275953, 9.2371985578)"
3_047;3;047;giardino Buonantuono Carlo e Tumminello Vincenzo;172364;S327554;Area fruizione cani;2022/07/29;405.608458774395;87.6363718351144;9.2345426876;45.4858090691;"(45.4858090691, 9.2345426876)"
3_003;3;003;giardino Teresa Pomodoro;170935;S327554;Area fruizione cani;2021/11/25;916.782443103045;123.086011776234;9.223853476;45.4805872413;"(45.4805872413, 9.223853476)"
3_003;3;003;giardino Teresa Pomodoro;170936;S327554;Area fruizione cani;2021/11/25;1900.32521541134;182.793709794181;9.223952556;45.4801841133;"(45.4801841133, 9.223952556)"
3_112;3;112;giardino Marisa Bellisario;25372;S327554;Area fruizione cani;2003/07/24;2351.6138999876;193.54945510893;9.2379902542;45.4896897774;"(45.4896897774, 9.2379902542)"
3_027;3;027;giardino Fausto Tinelli e Lorenzo Iannucci;48849;S327554;Area fruizione cani;2010/03/18;427.501794961582;85.7526379083786;9.2231192111;45.488885281;"(45.488885281, 9.2231192111)"
3_234;3;234;via Olgettina;55497;S327554;Area fruizione cani;2008/08/04;868.979103039356;124.154950951776;9.2734282251;45.5051909823;"(45.5051909823, 9.2734282251)"
3_103;3;103;vie Cima - Bistolfi;172584;S327554;Area fruizione cani;2021/01/27;251.950111997038;100.464084908976;9.2437594593;45.4720841869;"(45.4720841869, 9.2437594593)"
3_103;3;103;vie Cima - Bistolfi;172583;S327554;Area fruizione cani;2021/01/27;180.806628256392;72.7010859902459;9.2442960542;45.4719805654;"(45.4719805654, 9.2442960542)"
3_215;3;215;parco della Lambretta;25345;S327554;Area fruizione cani;2013/04/28;413.868276672138;103.867718011471;9.2535463715;45.4789753283;"(45.4789753283, 9.2535463715)"
3_215;3;215;parco della Lambretta;25346;S327554;Area fruizione cani;2013/04/28;2801.15628252669;350.583917524421;9.2517085549;45.4790386477;"(45.4790386477, 9.2517085549)"
3_198;3;198;piazzale Bacone;25473;S327554;Area fruizione cani;2013/10/25;580.375174720352;90.8035880718591;9.2142814121;45.4801915628;"(45.4801915628, 9.2142814121)"
3_142;3;142;via Don Calabria n. 6;113197;S327554;Area fruizione cani;2012/06/30;335.307554610779;100.334450832425;9.2438513205;45.5017794408;"(45.5017794408, 9.2438513205)"
3_020;3;020;vie Pascal - Valvassori Peroni - Clericetti;53249;S327554;Area fruizione cani;2011/05/23;697.582447215634;124.557772115901;9.2361054086;45.4787237854;"(45.4787237854, 9.2361054086)"
3_126;3;126;via Rizzoli;123556;S327554;Area fruizione cani;2015/07/31;830.419700964686;117.209077794573;9.2497814211;45.5054677637;"(45.5054677637, 9.2497814211)"
3_107;3;107;cavalcavia Buccari - via Tucidide;46954;S327554;Area fruizione cani;2009/07/01;1057.16697473455;142.529600493943;9.2434472417;45.4696580963;"(45.4696580963, 9.2434472417)"
3_185;3;185;via Morgagni G.B.;25383;S327554;Area fruizione cani;2003/09/02;451.657149997967;89.0746698539734;9.2117746775;45.4776975034;"(45.4776975034, 9.2117746775)"
3_271;3;271;giardino sorelle Mirabal ‘’Las Mariposas’’;176222;S327554;Area fruizione cani;2024/05/01;829.648163795562;116.787571776576;9.2414799553;45.474009561;"(45.474009561, 9.2414799553)"
3_034;3;034;piazzale Susa;129474;S327554;Area fruizione cani;2016/04/07;1183.80632113473;164.72336642918;9.2243319979;45.468204162;"(45.468204162, 9.2243319979)"
3_034;3;034;piazzale Susa;129476;S327554;Area fruizione cani;2016/04/07;863.578514412519;225.109078335297;9.2233778897;45.4680451184;"(45.4680451184, 9.2233778897)"
3_034;3;034;piazzale Susa;129472;S327554;Area fruizione cani;2016/04/07;861.676337354273;169.932071693634;9.2244576859;45.4684374677;"(45.4684374677, 9.2244576859)"
3_120;3;120;via Pini;119995;S327554;Area fruizione cani;2014/11/04;932.907663270138;124.063895694095;9.2403129716;45.4858639887;"(45.4858639887, 9.2403129716)"
3_044;3;044;piazzale Gorini;25384;S327554;Area fruizione cani;2003/04/11;410.493850000722;84.9719108136699;9.2300992398;45.4727457015;"(45.4727457015, 9.2300992398)"
3_044;3;044;piazzale Gorini;25385;S327554;Area fruizione cani;2003/04/11;383.514449999819;81.9647522808016;9.2300861379;45.4741890435;"(45.4741890435, 9.2300861379)"
4_157;4;157;parco Alessandrini;166297;S327554;Area fruizione cani;2019/05/24;2981.54464235878;244.333272436895;9.2289224463;45.4501473903;"(45.4501473903, 9.2289224463)"
4_157;4;157;parco Alessandrini;166298;S327554;Area fruizione cani;2019/05/24;3015.46330764268;290.956701573456;9.228914405;45.4494452073;"(45.4494452073, 9.228914405)"
4_157;4;157;parco Alessandrini;25307;S327554;Area fruizione cani;2003/09/15;1290.35765000006;127.371909268986;9.2245677265;45.4500812295;"(45.4500812295, 9.2245677265)"
4_117;4;117;vie Nervesa - Gonzales;48571;S327554;Area fruizione cani;2003/09/03;792.99184826389;149.850811332251;9.2192564614;45.444835717;"(45.444835717, 9.2192564614)"
4_117;4;117;vie Nervesa - Gonzales;42142;S327554;Area fruizione cani;2008/03/05;156.037752379833;55.6066809191666;9.2185258066;45.4439912852;"(45.4439912852, 9.2185258066)"
4_117;4;117;vie Nervesa - Gonzales;25464;S327554;Area fruizione cani;2003/09/02;2767.0792549264;258.628730527175;9.2188576412;45.4444469993;"(45.4444469993, 9.2188576412)"
4_055;4;055;piazza Ovidio;169733;S327554;Area fruizione cani;2021/03/29;926.633519362509;126.105705280781;9.2410823312;45.4572954436;"(45.4572954436, 9.2410823312)"
4_041;4;041;vie Facchinetti - Bellosio;49714;S327554;Area fruizione cani;2010/06/10;552.76001830231;109.398650004741;9.241819177;45.4616156622;"(45.4616156622, 9.241819177)"
4_123;4;123;via Cassinis;113199;S327554;Area fruizione cani;2012/11/14;951.956852103143;139.366115648581;9.2335649339;45.4354922417;"(45.4354922417, 9.2335649339)"
4_045;4;045;vie Forlanini - Garavaglia;105824;S327554;Area fruizione cani;2012/02/02;626.428117426361;107.646141656369;9.2464661759;45.4614803961;"(45.4614803961, 9.2464661759)"
4_045;4;045;vie Forlanini - Garavaglia;105825;S327554;Area fruizione cani;2012/02/02;880.730950514484;126.174609537927;9.2469019231;45.4613660526;"(45.4613660526, 9.2469019231)"
4_250;4;250;piazza Bologna - via Sceiwiller - Bacchiglione;25310;S327554;Area fruizione cani;2005/10/14;597.69894815813;157.829156934507;9.2224498344;45.4460433224;"(45.4460433224, 9.2224498344)"
4_162;4;162;giardino Francesco Rucci;48014;S327554;Area fruizione cani;2009/09/05;380.313120567664;80.2860638903735;9.2199488782;45.4562017299;"(45.4562017299, 9.2199488782)"
4_162;4;162;giardino Francesco Rucci;48165;S327554;Area fruizione cani;2009/09/05;804.685804332964;110.405289064313;9.2202667898;45.4561854349;"(45.4561854349, 9.2202667898)"
4_178;4;178;viale Cirene;25341;S327554;Area fruizione cani;2003/05/29;298.429750006941;66.3035767784719;9.2141254642;45.4527939375;"(45.4527939375, 9.2141254642)"
4_178;4;178;viale Cirene;25315;S327554;Area fruizione cani;2003/05/29;892.544100000711;119.247638206299;9.2118292564;45.4537150274;"(45.4537150274, 9.2118292564)"
4_208;4;208;via Caviglia;166300;S327554;Area fruizione cani;2019/10/15;221.657261739294;75.0458205370831;9.2300648;45.4421525044;"(45.4421525044, 9.2300648)"
4_208;4;208;via Caviglia;166299;S327554;Area fruizione cani;2019/10/15;432.455444040087;117.101986519565;9.2299087853;45.4425286705;"(45.4425286705, 9.2299087853)"
4_165;4;165;parco Formentano;116820;S327554;Area fruizione cani;2013/12/24;799.009558896909;151.549692735228;9.2149335604;45.4614695448;"(45.4614695448, 9.2149335604)"
4_165;4;165;parco Formentano;100272;S327554;Area fruizione cani;2011/12/05;3639.12943551637;302.918083047995;9.214861035;45.4608065407;"(45.4608065407, 9.214861035)"
4_165;4;165;parco Formentano;100273;S327554;Area fruizione cani;2011/12/05;6460.92089616188;429.611097028214;9.2166722114;45.4598849178;"(45.4598849178, 9.2166722114)"
4_165;4;165;parco Formentano;25435;S327554;Area fruizione cani;2003/09/05;2417.46150000338;214.222921740144;9.2167887122;45.4591238767;"(45.4591238767, 9.2167887122)"
4_305;4;305;via Vittorini Elio;119232;S327554;Area fruizione cani;2013/12/17;495.182705771407;105.551920236681;9.263645738;45.4448597115;"(45.4448597115, 9.263645738)"
4_040;4;040;vie Dalmazia - Toscolano;47473;S327554;Area fruizione cani;2009/07/01;387.05921603235;112.054758151169;9.2420227018;45.4581127713;"(45.4581127713, 9.2420227018)"
4_266;4;266;giardino Oreste Del Buono;47814;S327554;Area fruizione cani;2007/11/01;487.866658823936;115.765884832702;9.2242780561;45.4637999686;"(45.4637999686, 9.2242780561)"
4_324;4;324;parco Forlanini;132006;S327554;Area fruizione cani;2016/10/28;3061.83667608965;380.553217397079;9.2474865785;45.4686137288;"(45.4686137288, 9.2474865785)"
4_179;4;179;piazzale Libia;123902;S327554;Area fruizione cani;2008/01/01;1764.02124770052;166.813871809889;9.2099104802;45.4549901281;"(45.4549901281, 9.2099104802)"
4_065;4;065;vie Salomone - Quintiliano;139721;S327554;Area fruizione cani;2018/09/12;1773.50810464757;244.41419585437;9.2476259828;45.4477765003;"(45.4477765003, 9.2476259828)"
4_065;4;065;vie Salomone - Quintiliano;116779;S327554;Area fruizione cani;2013/12/08;736.080492994229;108.765234741461;9.2533301736;45.4484294924;"(45.4484294924, 9.2533301736)"
4_213;4;213;via Sulmona;170889;S327554;Area fruizione cani;2021/11/23;918.826988295135;172.161850936299;9.2293108763;45.4443760905;"(45.4443760905, 9.2293108763)"
4_047;4;047;vie Mecenate - Maderna;53263;S327554;Area fruizione cani;2011/06/22;777.783761455538;135.969325493984;9.2428877541;45.45497116;"(45.45497116, 9.2428877541)"
4_287;4;287;giardino Candia Marcello;141258;S327554;Area fruizione cani;2011/03/03;603.170968439373;128.590267202331;9.2145276524;45.4462344054;"(45.4462344054, 9.2145276524)"
4_202;4;202;piazza Insubria;45854;S327554;Area fruizione cani;2013/01/28;736.646535080765;139.969104357715;9.2210013283;45.4534258002;"(45.4534258002, 9.2210013283)"
4_029;4;029;via San Martino Don Carlo;170546;S327554;Area fruizione cani;2021/08/17;1589.34536517831;173.019913088917;9.2355810003;45.4655252313;"(45.4655252313, 9.2355810003)"
4_121;4;121;via Rosselli fratelli;105857;S327554;Area fruizione cani;2012/05/15;639.82533469841;106.421180344552;9.225597215;45.4425117319;"(45.4425117319, 9.225597215)"
4_121;4;121;via Rosselli fratelli;105858;S327554;Area fruizione cani;2012/05/15;517.364616984358;92.1229305881783;9.225906636;45.4423270918;"(45.4423270918, 9.225906636)"
4_281;4;281;via Manzù;129857;S327554;Area fruizione cani;2016/04/15;729.926804787639;177.693608652555;9.2399424778;45.4377309725;"(45.4377309725, 9.2399424778)"
4_169;4;169;vie Cadibona - Monte Velino;121932;S327554;Area fruizione cani;2015/03/26;597.560257348931;104.021223037504;9.2280822602;45.4534613512;"(45.4534613512, 9.2280822602)"
4_128;4;128;piazzale Rosa Gabriele;166294;S327554;Area fruizione cani;2018/08/07;930.302147159482;119.928245045253;9.2249448222;45.4374088488;"(45.4374088488, 9.2249448222)"
4_128;4;128;piazzale Rosa Gabriele;166295;S327554;Area fruizione cani;2018/08/07;648.953925746123;105.230988093129;9.2247406537;45.4372359014;"(45.4372359014, 9.2247406537)"
4_280;4;280;via San Venerio;119999;S327554;Area fruizione cani;2014/11/07;582.454500657361;105.501058120212;9.2474677787;45.4363712787;"(45.4363712787, 9.2474677787)"
4_280;4;280;via San Venerio;119998;S327554;Area fruizione cani;2014/11/07;539.4212266275;100.990387471822;9.2478478848;45.4361423575;"(45.4361423575, 9.2478478848)"
4_066;4;066;via Serrati;119733;S327554;Area fruizione cani;2014/10/22;457.556911691981;93.8174625205981;9.2632317588;45.4405841407;"(45.4405841407, 9.2632317588)"
4_076;4;076;parco Galli;43286;S327554;Area fruizione cani;2003/12/11;1981.61597591958;178.452517870722;9.2397241965;45.4552575221;"(45.4552575221, 9.2397241965)"
4_249;4;249;vie Zama - Salomone;123562;S327554;Area fruizione cani;2012/12/31;1719.97473696645;183.836633072872;9.2403420995;45.4512033773;"(45.4512033773, 9.2403420995)"
4_049;4;049;vie Medici del Vascello - Merezzate - Colorni;170503;S327554;Area fruizione cani;2021/08/04;398.865670836219;108.360152285941;9.2409147568;45.442444569;"(45.442444569, 9.2409147568)"
4_282;4;282;via Sordello;49945;S327554;Area fruizione cani;2010/07/07;200.295139676736;66.6798996984943;9.2465899449;45.4442877928;"(45.4442877928, 9.2465899449)"
4_127;4;127;via Rogoredo;25471;S327554;Area fruizione cani;2003/09/15;598.316967449786;105.327883688141;9.2421206733;45.4315837506;"(45.4315837506, 9.2421206733)"
4_127;4;127;via Rogoredo;47915;S327554;Area fruizione cani;2009/07/23;377.672463845062;83.8039019612188;9.2458042897;45.429785746;"(45.429785746, 9.2458042897)"
4_247;4;247;vie Marignano - Busseto - Fidenza;25317;S327554;Area fruizione cani;2005/10/14;433.000100005477;100.875465202552;9.2529813111;45.4262155903;"(45.4262155903, 9.2529813111)"
4_079;4;079;parco Forlanini;169661;S327554;Area fruizione cani;2021/04/12;16616.3027119945;812.405805645604;9.2557547285;45.4667796896;"(45.4667796896, 9.2557547285)"
4_079;4;079;parco Forlanini;169660;S327554;Area fruizione cani;2021/04/12;41584.4398631013;828.594827146087;9.260204884;45.4661742874;"(45.4661742874, 9.260204884)"
5_244;5;244;via dei Missaglia;115093;S327554;Area fruizione cani;2013/06/21;624.857813726601;102.864019034017;9.1786553127;45.4210957309;"(45.4210957309, 9.1786553127)"
5_244;5;244;via dei Missaglia;25376;S327554;Area fruizione cani;2013/06/21;421.590033344925;87.9437156450244;9.180332959;45.4195762658;"(45.4195762658, 9.180332959)"
5_125;5;125;piazza Trento;113200;S327554;Area fruizione cani;2012/09/21;480.013837168272;101.395758558931;9.2028744875;45.4469419751;"(45.4469419751, 9.2028744875)"
5_181;5;181;vie Banfi G. - Calzolari - Largo Muzio;129810;S327554;Area fruizione cani;2016/03/29;444.625523541925;126.376703217308;9.1658904228;45.4150449156;"(45.4150449156, 9.1658904228)"
5_128;5;128;piazza Sraffa;171915;S327554;Area fruizione cani;2022/04/14;919.767717569609;158.676022397243;9.1872232106;45.4491225285;"(45.4491225285, 9.1872232106)"
5_019;5;019;viale Ortles - Calabiana;115086;S327554;Area fruizione cani;2013/05/20;948.755838158921;175.139318276203;9.210146152;45.4412691041;"(45.4412691041, 9.210146152)"
5_030;5;030;via Comisso;123566;S327554;Area fruizione cani;2015/09/15;2201.01004166715;189.192090042064;9.1936487226;45.4344172105;"(45.4344172105, 9.1936487226)"
5_073;5;073;vie Orlando - Feraboli;25408;S327554;Area fruizione cani;2003/08/06;805.981949996606;117.012345950654;9.1732900586;45.4142224903;"(45.4142224903, 9.1732900586)"
5_224;5;224;parco delle memorie industriali ;46956;S327554;Area fruizione cani;2009/07/01;2122.12198501681;200.538150727456;9.1901312602;45.4444478808;"(45.4444478808, 9.1901312602)"
5_025;5;025;via San Dionigi;25333;S327554;Area fruizione cani;2003/05/13;1732.88114765555;166.694426343198;9.2196327701;45.4336686978;"(45.4336686978, 9.2196327701)"
5_231;5;231;via San Domenico Savio;115088;S327554;Area fruizione cani;2013/07/03;508.29036908783;108.001831977134;9.1748944935;45.430283903;"(45.430283903, 9.1748944935)"
5_108;5;108;via Don Rodrigo;55495;S327554;Area fruizione cani;2011/07/25;660.782893297507;159.78431537981;9.1698454658;45.4338037393;"(45.4338037393, 9.1698454658)"
5_227;5;227;via Manduria;25305;S327554;Area fruizione cani;2005/11/22;516.820699984242;115.037699073237;9.1808242998;45.4023079695;"(45.4023079695, 9.1808242998)"
5_266;5;266;vie Balduccio da Pisa - Calabiana;48896;S327554;Area fruizione cani;2010/03/15;505.633528934082;141.41182356444;9.2079909972;45.4426088597;"(45.4426088597, 9.2079909972)"
5_057;5;057;via dei Missaglia;119648;S327554;Area fruizione cani;2014/09/30;1570.86818513975;163.382219512245;9.1784938276;45.425313131;"(45.425313131, 9.1784938276)"
5_057;5;057;via dei Missaglia;119649;S327554;Area fruizione cani;2014/09/30;1449.56462331649;164.544710456169;9.1780206486;45.4253913663;"(45.4253913663, 9.1780206486)"
5_135;5;135;parco Ravizza;25458;S327554;Area fruizione cani;2003/09/15;2426.69290550162;215.459029635268;9.1940073223;45.447083842;"(45.447083842, 9.1940073223)"
5_135;5;135;parco Ravizza;25460;S327554;Area fruizione cani;2003/09/15;2196.6751907905;207.115361654294;9.1911508793;45.4480727175;"(45.4480727175, 9.1911508793)"
5_135;5;135;parco Ravizza;25459;S327554;Area fruizione cani;2003/09/15;4703.43790409967;286.426467708757;9.1931203835;45.4471917347;"(45.4471917347, 9.1931203835)"
5_209;5;209;vie Garelli - Stucchi - Selvanesco - Romeo;25377;S327554;Area fruizione cani;2003/08/06;2626.80564867929;300.068177863122;9.1800264017;45.4174576933;"(45.4174576933, 9.1800264017)"
5_209;5;209;vie Garelli - Stucchi - Selvanesco - Romeo;25378;S327554;Area fruizione cani;2003/08/06;1235.73884999404;152.01980344298;9.1806070055;45.4154967677;"(45.4154967677, 9.1806070055)"
5_283;5;283;vie Chiesa Rossa - Sant'Abbondio;140594;S327554;Area fruizione cani;2019/03/07;2007.18213757205;186.090759273389;9.170523258;45.4241759964;"(45.4241759964, 9.170523258)"
5_060;5;060;via De Sanctis;138627;S327554;Area fruizione cani;2017/12/04;453.868680796564;92.3252359535766;9.1775175965;45.4365306487;"(45.4365306487, 9.1775175965)"
5_291;5;291;via Costantino Baroni;119652;S327554;Area fruizione cani;2014/10/02;799.126241724053;118.476196018325;9.1729916102;45.4078253755;"(45.4078253755, 9.1729916102)"
5_306;5;306;vie Bugatto Zanetto - Erice;129643;S327554;Area fruizione cani;2014/03/01;510.405594462761;95.6254512618124;9.1983884721;45.4310191331;"(45.4310191331, 9.1983884721)"
5_306;5;306;vie Bugatto Zanetto - Erice;129642;S327554;Area fruizione cani;2014/03/01;653.403994865862;102.640317535092;9.1961162428;45.429464492;"(45.429464492, 9.1961162428)"
5_068;5;068;parco Chiesa Rossa;138684;S327554;Area fruizione cani;2018/01/30;830.330831153079;140.031112972729;9.1748619136;45.4304718193;"(45.4304718193, 9.1748619136)"
5_236;5;236;"vie Donna Prassede, Boffalora, Jan Palach";141311;S327554;Area fruizione cani;2019/07/18;1576.06288135518;152.247469628172;9.1700595978;45.4281785938;"(45.4281785938, 9.1700595978)"
5_236;5;236;"vie Donna Prassede, Boffalora, Jan Palach";25401;S327554;Area fruizione cani;2006/03/10;389.548749999355;89.7017152409348;9.1687301973;45.4320833576;"(45.4320833576, 9.1687301973)"
5_236;5;236;"vie Donna Prassede, Boffalora, Jan Palach";40158;S327554;Area fruizione cani;2006/03/10;198.214300001566;87.791667776076;9.1670228634;45.4303996354;"(45.4303996354, 9.1670228634)"
5_236;5;236;"vie Donna Prassede, Boffalora, Jan Palach";132281;S327554;Area fruizione cani;2017/05/15;564.71535115638;91.8062485458893;9.1660939362;45.4256788962;"(45.4256788962, 9.1660939362)"
5_140;5;140;giardino Agnesi Maria Teresa;50403;S327554;Area fruizione cani;2010/03/03;969.828086979385;165.899667575449;9.1995461917;45.4517513785;"(45.4517513785, 9.1995461917)"
5_065;5;065;viale Giovanni da Cermenate;25457;S327554;Area fruizione cani;2003/07/28;1764.69569996879;273.429089269628;9.181549958;45.4375390121;"(45.4375390121, 9.181549958)"
5_033;5;033;via Bottoni;132271;S327554;Area fruizione cani;2017/05/15;2093.42441669031;264.221954881561;9.2092334369;45.4281797189;"(45.4281797189, 9.2092334369)"
5_033;5;033;via Bottoni;25312;S327554;Area fruizione cani;2003/01/25;903.224250008639;142.665024724795;9.2086112044;45.4275252754;"(45.4275252754, 9.2086112044)"
5_182;5;182;vie Gratosoglio - Feraboli;119470;S327554;Area fruizione cani;2014/08/07;426.601271197082;87.0139770719788;9.1687420027;45.4140856506;"(45.4140856506, 9.1687420027)"
5_078;5;078;vie Aicardo - Boeri - Giovanni da Cermenate - piazza caduti del Lavoro;100282;S327554;Area fruizione cani;2012/02/09;1108.01562657937;150.16819436509;9.1855952825;45.4389726987;"(45.4389726987, 9.1855952825)"
5_078;5;078;vie Aicardo - Boeri - Giovanni da Cermenate - piazza caduti del Lavoro;25403;S327554;Area fruizione cani;2013/10/28;1018.57922775196;135.290405467383;9.18536343;45.4429845337;"(45.4429845337, 9.18536343)"
5_329;5;329;vie Broni - Gargano;166287;S327554;Area fruizione cani;;704.245450397964;133.815017734304;9.2056894403;45.433913418;"(45.433913418, 9.2056894403)"
5_223;5;223;via Fra Pampuri Riccardo;25339;S327554;Area fruizione cani;2005/11/22;725.480849996278;133.853216646109;9.2012624821;45.4240427864;"(45.4240427864, 9.2012624821)"
5_136;5;136;parco della Resistenza;105906;S327554;Area fruizione cani;2012/05/19;859.019776306179;129.620852119872;9.1848240019;45.4471595996;"(45.4471595996, 9.1848240019)"
5_136;5;136;parco della Resistenza;105905;S327554;Area fruizione cani;2012/05/19;1294.13146122377;145.397201022102;9.1844407033;45.4470856002;"(45.4470856002, 9.1844407033)"
5_016;5;016;parco Autieri d'Italia;48210;S327554;Area fruizione cani;2009/07/01;992.134287899993;150.927869414741;9.2083400999;45.4386452189;"(45.4386452189, 9.2083400999)"
5_016;5;016;parco Autieri d'Italia;48211;S327554;Area fruizione cani;2009/07/01;2132.69032578258;244.138184128803;9.2087005448;45.4378536603;"(45.4378536603, 9.2087005448)"
5_190;5;190;parco Giovannino Guareschi e Alberto Manzi;25484;S327554;Area fruizione cani;2003/07/29;1021.89698629553;131.017319283185;9.2051114603;45.4276351242;"(45.4276351242, 9.2051114603)"
5_190;5;190;parco Giovannino Guareschi e Alberto Manzi;117756;S327554;Area fruizione cani;2014/04/16;1052.67840341316;131.489800663335;9.2051924463;45.427287859;"(45.427287859, 9.2051924463)"
5_238;5;238;parco della Vettabbia;129858;S327554;Area fruizione cani;2016/05/23;1170.62742902927;162.171847787545;9.1939836199;45.4420630738;"(45.4420630738, 9.1939836199)"
6_201;6;201;giardino Ascanio Raffaele Ciriello;25412;S327554;Area fruizione cani;2003/07/25;379.981349996772;75.6385127772086;9.1533066273;45.4576814644;"(45.4576814644, 9.1533066273)"
6_233;6;233;giardino delle Crocerossine;119789;S327554;Area fruizione cani;2014/10/23;2413.22574666002;201.215424056696;9.1223592027;45.4523325505;"(45.4523325505, 9.1223592027)"
6_233;6;233;giardino delle Crocerossine;119788;S327554;Area fruizione cani;2014/10/23;1502.60760161935;155.372110590641;9.1229219736;45.452480823;"(45.452480823, 9.1229219736)"
6_233;6;233;giardino delle Crocerossine;48564;S327554;Area fruizione cani;2009/07/02;2061.05993347242;268.975035284229;9.1243387883;45.4486857866;"(45.4486857866, 9.1243387883)"
6_233;6;233;giardino delle Crocerossine;25298;S327554;Area fruizione cani;2005/08/22;296.62264999623;78.3014171280909;9.1250988232;45.4487878875;"(45.4487878875, 9.1250988232)"
6_232;6;232;via della Ferrera;46921;S327554;Area fruizione cani;2009/07/01;1164.77025677026;145.708948001732;9.135427378;45.4418349245;"(45.4418349245, 9.135427378)"
6_093;6;093;vie Rondoni - Neri;46958;S327554;Area fruizione cani;2009/07/01;1158.57417212723;135.363517560802;9.143820577;45.4563950702;"(45.4563950702, 9.143820577)"
6_325;6;325;parco Giuseppe Sala;140216;S327554;Area fruizione cani;2009/01/01;880.264164657029;125.70003686905;9.1597586237;45.4419561819;"(45.4419561819, 9.1597586237)"
6_027;6;027;via Martinelli;140524;S327554;Area fruizione cani;2019/02/12;662.598017629104;133.080193455327;9.1328028528;45.4400593259;"(45.4400593259, 9.1328028528)"
6_078;6;078;piazza Frattini;171132;S327554;Area fruizione cani;2021/07/01;403.426236922453;84.6313800464616;9.1423664643;45.451618065;"(45.451618065, 9.1423664643)"
6_272;6;272;vie Savona - Brunelleschi;50714;S327554;Area fruizione cani;2007/09/28;1117.20119627471;137.651495053869;9.1458473347;45.4469948597;"(45.4469948597, 9.1458473347)"
6_231;6;231;vie Primaticcio - Legioni Romane;171035;S327554;Area fruizione cani;2008/11/01;1960.88935030465;233.766821404992;9.1303182632;45.4592827402;"(45.4592827402, 9.1303182632)"
6_104;6;104;giardino Yitzhak Rabin;25467;S327554;Area fruizione cani;2012/06/21;954.656100699636;131.0713428307;9.1484627977;45.4594891834;"(45.4594891834, 9.1484627977)"
6_082;6;082;giardino Alberto Moravia;25445;S327554;Area fruizione cani;2003/09/22;2729.00744997966;242.204023119766;9.1261507041;45.4555024113;"(45.4555024113, 9.1261507041)"
6_082;6;082;giardino Alberto Moravia;25444;S327554;Area fruizione cani;2003/09/22;1297.72404998855;141.427292038854;9.1245853986;45.4578810605;"(45.4578810605, 9.1245853986)"
6_021;6;021;vie Ovada - San Vigilio;116803;S327554;Area fruizione cani;2013/11/07;281.755629552019;70.7881030584214;9.1622416318;45.434610523;"(45.434610523, 9.1622416318)"
6_319;6;319;via Parenzo;141058;S327554;Area fruizione cani;2019/05/29;304.185981225081;72.2005388183333;9.1412406154;45.4419640741;"(45.4419640741, 9.1412406154)"
6_319;6;319;via Parenzo;141059;S327554;Area fruizione cani;2019/05/29;310.924407419663;73.2038285605698;9.1416857639;45.4421000407;"(45.4421000407, 9.1416857639)"
6_114;6;114;piazza Tirana;115163;S327554;Area fruizione cani;2013/07/25;589.633004113822;113.947257031302;9.1290020648;45.4444525193;"(45.4444525193, 9.1290020648)"
6_114;6;114;piazza Tirana;115162;S327554;Area fruizione cani;2013/07/25;1164.98149185922;156.89729059204;9.1298577075;45.4429539369;"(45.4429539369, 9.1298577075)"
6_034;6;034;vie Filippo da Liscate - Russoli;166871;S327554;Area fruizione cani;2019/09/01;396.648035636447;88.0913089827062;9.163817582;45.4414570247;"(45.4414570247, 9.163817582)"
6_176;6;176;via Argelati;25462;S327554;Area fruizione cani;2003/07/25;1754.59854999568;245.429303076625;9.1701480811;45.4480742513;"(45.4480742513, 9.1701480811)"
6_176;6;176;via Argelati;25463;S327554;Area fruizione cani;2003/07/25;240.940800006965;74.5746943655769;9.1713771434;45.448562223;"(45.448562223, 9.1713771434)"
6_005;6;005;vie Bari - Faenza - Tobagi;47474;S327554;Area fruizione cani;2009/07/01;746.945533101469;111.808368202378;9.1430850984;45.4388743373;"(45.4388743373, 9.1430850984)"
6_005;6;005;vie Bari - Faenza - Tobagi;48570;S327554;Area fruizione cani;2009/07/02;479.632717482315;88.4213505887304;9.1468992326;45.4373104355;"(45.4373104355, 9.1468992326)"
6_120;6;120;largo Giambellino;169965;S327554;Area fruizione cani;2021/05/17;628.409484097105;105.571103334324;9.1359804674;45.4471523741;"(45.4471523741, 9.1359804674)"
6_120;6;120;largo Giambellino;169964;S327554;Area fruizione cani;2021/05/17;447.10770134468;100.486256763759;9.1355502124;45.4470386111;"(45.4470386111, 9.1355502124)"
6_120;6;120;largo Giambellino;50851;S327554;Area fruizione cani;2010/10/07;1821.34185279062;209.845950298551;9.1385869032;45.4477014244;"(45.4477014244, 9.1385869032)"
6_009;6;009;vie Boffalora - Barona - Don Primo Mazzolari;122659;S327554;Area fruizione cani;2015/06/25;812.055643701926;130.438863133509;9.152730956;45.432983092;"(45.432983092, 9.152730956)"
6_009;6;009;vie Boffalora - Barona - Don Primo Mazzolari;46912;S327554;Area fruizione cani;2015/06/25;1159.14456658438;140.118991197029;9.1523111959;45.4328007519;"(45.4328007519, 9.1523111959)"
6_036;6;036;vie Rimini - La Spezia - Famagosta;25443;S327554;Area fruizione cani;2013/02/25;1946.55598018296;219.784672761154;9.1683833826;45.4391891434;"(45.4391891434, 9.1683833826)"
6_203;6;203;via Koch;53321;S327554;Area fruizione cani;2011/06/21;744.104725087957;118.697900389668;9.1148016369;45.4440268644;"(45.4440268644, 9.1148016369)"
6_203;6;203;via Koch;53322;S327554;Area fruizione cani;2011/06/21;884.26198067631;132.873527084318;9.1145799679;45.4443256062;"(45.4443256062, 9.1145799679)"
6_089;6;089;piazza Napoli;43890;S327554;Area fruizione cani;2008/08/23;892.601742501278;130.534592595705;9.1541120002;45.4533681068;"(45.4533681068, 9.1541120002)"
6_089;6;089;piazza Napoli;43891;S327554;Area fruizione cani;2008/08/23;931.274164067565;147.165026263196;9.1534226422;45.4531689511;"(45.4531689511, 9.1534226422)"
6_102;6;102;via Lorenteggio;138428;S327554;Area fruizione cani;2017/08/17;1136.77628581312;180.025420620003;9.1507164694;45.4547847173;"(45.4547847173, 9.1507164694)"
6_113;6;113;piazzale delle Bande Nere;46959;S327554;Area fruizione cani;2014/03/11;498.950155011407;94.7352446350098;9.1370808804;45.4621160112;"(45.4621160112, 9.1370808804)"
6_113;6;113;piazzale delle Bande Nere;52817;S327554;Area fruizione cani;2007/05/01;313.812770825847;87.8775109351861;9.1365996808;45.4610122765;"(45.4610122765, 9.1365996808)"
6_077;6;077;vie Bellini - Brunelleschi;125116;S327554;Area fruizione cani;2015/12/04;543.43100340542;201.665969251399;9.1433508744;45.4502920244;"(45.4502920244, 9.1433508744)"
6_095;6;095;vie Strozzi - Caterina da Forlì;172310;S327554;Area fruizione cani;2022/07/29;903.493703855037;146.783848083207;9.1431155868;45.4592526913;"(45.4592526913, 9.1431155868)"
6_239;6;239;vie Gonin - Giordani;50635;S327554;Area fruizione cani;2010/09/20;771.287053565579;109.748138046849;9.1273829804;45.4425543366;"(45.4425543366, 9.1273829804)"
6_010;6;010;vie Voltri - Ovada;114582;S327554;Area fruizione cani;2013/03/11;1394.81388335302;160.444426185907;9.1558440712;45.4349908045;"(45.4349908045, 9.1558440712)"
6_303;6;303;parco ex Sieroterapico;122499;S327554;Area fruizione cani;2015/06/16;624.584812033887;108.043158049878;9.1725214734;45.4445717364;"(45.4445717364, 9.1725214734)"
6_303;6;303;parco ex Sieroterapico;172973;S327554;Area fruizione cani;2018/06/13;1018.65403674976;218.882392637224;9.1692370676;45.4467560077;"(45.4467560077, 9.1692370676)"
6_238;6;238;vie Lorenteggio - Bisceglie - Giordani;132491;S327554;Area fruizione cani;2017/06/15;1051.71152872195;134.892276434831;9.1210503505;45.4475243759;"(45.4475243759, 9.1210503505)"
6_285;6;285;giardino Anna Del Bo Boffino;111896;S327554;Area fruizione cani;2011/08/02;574.248547241773;115.117265441872;9.152338592;45.4482746601;"(45.4482746601, 9.152338592)"
6_121;6;121;via degli Anemoni - Gigli - dei Giacinti - Primaticcio;46960;S327554;Area fruizione cani;2009/07/01;580.9311330151;105.292226550245;9.1323481609;45.4544372935;"(45.4544372935, 9.1323481609)"
6_002;6;002;vie Voltri - De Nicola;166307;S327554;Area fruizione cani;2019/03/25;1145.14146113375;157.263879855435;9.155144808;45.4328345076;"(45.4328345076, 9.155144808)"
6_002;6;002;vie Voltri - De Nicola;166308;S327554;Area fruizione cani;2019/03/25;1086.54502599998;140.092424526063;9.1551422162;45.432610401;"(45.432610401, 9.1551422162)"
6_175;6;175;parco Giussani Don Luigi;23524;S327554;Area fruizione cani;2003/07/25;1091.67339999823;161.185111492486;9.1662857435;45.4566740661;"(45.4566740661, 9.1662857435)"
6_175;6;175;parco Giussani Don Luigi;23525;S327554;Area fruizione cani;2003/07/25;1565.7414999951;224.194287513334;9.1672162501;45.4569180503;"(45.4569180503, 9.1672162501)"
6_031;6;031;vie Cascina Bianca - De Pretis - Danusso - Finetti;46917;S327554;Area fruizione cani;2009/07/01;1470.09272507958;179.435818482296;9.157173107;45.4273438945;"(45.4273438945, 9.157173107)"
6_031;6;031;vie Cascina Bianca - De Pretis - Danusso - Finetti;46918;S327554;Area fruizione cani;2009/07/01;1008.74580945526;132.060668175229;9.1562035261;45.4289968378;"(45.4289968378, 9.1562035261)"
6_175;6;175;parco Giussani Don Luigi;23520;S327554;Area fruizione cani;2003/07/25;2046.45650000801;254.219909504109;9.1664429458;45.458829841;"(45.458829841, 9.1664429458)"
6_242;6;242;parco Robert Baden Powell;25367;S327554;Area fruizione cani;2006/09/07;550.068250009101;148.577397756432;9.1675953826;45.4478286287;"(45.4478286287, 9.1675953826)"
6_242;6;242;parco Robert Baden Powell;25366;S327554;Area fruizione cani;2006/09/07;202.016900007172;60.4851910984009;9.1675333193;45.4494975617;"(45.4494975617, 9.1675333193)"
6_198;6;198;giardino Vincenzo Muccioli;25411;S327554;Area fruizione cani;2003/10/14;1291.50895000018;154.592202948176;9.1583975655;45.4552793506;"(45.4552793506, 9.1583975655)"
6_184;6;184;piazza delle Milizie;51020;S327554;Area fruizione cani;2003/09/16;714.398726689962;122.419855777695;9.1570581801;45.4502770804;"(45.4502770804, 9.1570581801)"
6_008;6;008;parco Andrea Campagna;131507;S327554;Area fruizione cani;2016/12/11;2878.22681583267;204.738721478435;9.145725882;45.4365393808;"(45.4365393808, 9.145725882)"
6_028;6;028;vie Lodovico il Moro - Santi F.;53617;S327554;Area fruizione cani;2009/07/01;1706.91315352292;170.705641628437;9.1222121995;45.4374998047;"(45.4374998047, 9.1222121995)"
6_033;6;033;via San Paolino - San Vigilio;46919;S327554;Area fruizione cani;2009/07/01;900.235517737996;127.695333416869;9.1613867588;45.4321814227;"(45.4321814227, 9.1613867588)"
6_033;6;033;via San Paolino - San Vigilio;46920;S327554;Area fruizione cani;2009/07/01;618.409597235027;98.8198917123084;9.1624395779;45.4296860992;"(45.4296860992, 9.1624395779)"
6_237;6;237;parco dei Fontanili;25352;S327554;Area fruizione cani;2013/12/11;1026.93554539606;185.579563390908;9.0988904667;45.448313195;"(45.448313195, 9.0988904667)"
6_237;6;237;parco dei Fontanili;128966;S327554;Area fruizione cani;2015/08/30;1292.14862986486;136.224355140756;9.1048726782;45.4507430083;"(45.4507430083, 9.1048726782)"
6_237;6;237;parco dei Fontanili;128967;S327554;Area fruizione cani;2015/08/30;4611.58025762028;275.807988628849;9.1029421722;45.4479534081;"(45.4479534081, 9.1029421722)"
7_068;7;068;vie Marchesi - Taggia - Paone;25316;S327554;Area fruizione cani;2003/10/09;910.104300003375;119.844096887938;9.1059001775;45.4709521896;"(45.4709521896, 9.1059001775)"
7_375;7;375;vie Diotti - Quinto Romano - Colla;117117;S327554;Area fruizione cani;2014/01/27;479.999999998299;91.9999999996504;9.0874112024;45.4678029663;"(45.4678029663, 9.0874112024)"
7_194;7;194;piazza Brescia;53337;S327554;Area fruizione cani;2011/07/15;503.814738951158;103.601082512605;9.1449148287;45.4708911163;"(45.4708911163, 9.1449148287)"
7_194;7;194;piazza Brescia;53338;S327554;Area fruizione cani;2011/07/15;448.018217486871;126.906056855297;9.1445871238;45.4711295205;"(45.4711295205, 9.1445871238)"
7_093;7;093;via Zoia Fratelli;25451;S327554;Area fruizione cani;2003/07/30;3150.61605000697;237.857183563293;9.1066651978;45.4761817621;"(45.4761817621, 9.1066651978)"
7_093;7;093;via Zoia Fratelli;25452;S327554;Area fruizione cani;2003/07/30;1842.45425000537;201.162174320472;9.1082571343;45.4745950695;"(45.4745950695, 9.1082571343)"
7_064;7;064;giardino Sant’Annibale Maria di Francia;114849;S327554;Area fruizione cani;2013/04/02;1017.58949205272;126.970666209023;9.0873863337;45.4769528949;"(45.4769528949, 9.0873863337)"
7_107;7;107;vie Lucca - Zurigo - Isola di Creta;129193;S327554;Area fruizione cani;2015/12/11;786.453672123555;107.914647886816;9.1029858207;45.4550195526;"(45.4550195526, 9.1029858207)"
7_179;7;179;quartiere Muggiano;117410;S327554;Area fruizione cani;2014/02/24;781.859999988952;130.999999999238;9.0663976229;45.4503306678;"(45.4503306678, 9.0663976229)"
7_353;7;353;vie Amantea - Budrio;47481;S327554;Area fruizione cani;2009/07/01;1898.51916271039;175.173473784724;9.0814880535;45.4666611103;"(45.4666611103, 9.0814880535)"
7_112;7;112;parco di Baggio;25407;S327554;Area fruizione cani;2003/09/22;1125.89684999791;133.336136714711;9.0902107177;45.4641978395;"(45.4641978395, 9.0902107177)"
7_230;7;230;piazza Segesta;105863;S327554;Area fruizione cani;2012/05/05;866.846134177651;122.438984222651;9.1374137104;45.4756018809;"(45.4756018809, 9.1374137104)"
7_350;7;350;via Tofano;166301;S327554;Area fruizione cani;2018/04/18;256.613541813443;64.0877516304244;9.0937372021;45.4774341785;"(45.4774341785, 9.0937372021)"
7_350;7;350;via Tofano;166302;S327554;Area fruizione cani;2018/04/18;666.079944840381;105.557631743905;9.093774623;45.4771424729;"(45.4771424729, 9.093774623)"
7_094;7;094;via Noale;121662;S327554;Area fruizione cani;2015/03/03;926.529912657242;149.951182029598;9.083826106;45.4595282652;"(45.4595282652, 9.083826106)"
7_416;7;416;vie Colombi - Bentivoglio - Viterbo;166423;S327554;Area fruizione cani;2020/02/14;854.96073604867;104.740976579309;9.1109672537;45.4580728818;"(45.4580728818, 9.1109672537)"
7_082;7;082;vie Valsesia - Parri - Bucone;25480;S327554;Area fruizione cani;2003/01/30;3805.78630004286;308.405651635967;9.0944260993;45.4537746468;"(45.4537746468, 9.0944260993)"
7_223;7;223;piazza Melozzo da Forlì;113202;S327554;Area fruizione cani;2012/10/31;638.903016449094;104.318077393361;9.1304251601;45.4678910469;"(45.4678910469, 9.1304251601)"
7_391;7;391;"vie Fornari, Marostica, Massaua";50441;S327554;Area fruizione cani;2007/10/01;258.905386010124;71.1921258662864;9.1455337332;45.4616448846;"(45.4616448846, 9.1455337332)"
7_110;7;110;vie Tosi - San Giusto - Pio II;166306;S327554;Area fruizione cani;2019/03/13;919.218658706712;127.453966308093;9.1163239809;45.4707097238;"(45.4707097238, 9.1163239809)"
7_110;7;110;vie Tosi - San Giusto - Pio II;166305;S327554;Area fruizione cani;2019/03/13;1184.74222616206;142.003502345795;9.1162647691;45.4704819623;"(45.4704819623, 9.1162647691)"
7_364;7;364;piazza Sicilia;140229;S327554;Area fruizione cani;2018/05/19;566.564937646671;100.213552854282;9.1516273694;45.4647558382;"(45.4647558382, 9.1516273694)"
7_029;7;029;via Arcangeli;47475;S327554;Area fruizione cani;2009/07/01;337.78175173144;81.9595274742573;9.1111617568;45.4754087709;"(45.4754087709, 9.1111617568)"
7_389;7;389;parco delle Cave;114000;S327554;Area fruizione cani;2012/07/01;1100.70409993876;166.05374958719;9.1019606591;45.4617568932;"(45.4617568932, 9.1019606591)"
7_389;7;389;parco delle Cave;114600;S327554;Area fruizione cani;1997/01/01;2394.41548092168;208.780147182854;9.1041448626;45.4671693256;"(45.4671693256, 9.1041448626)"
7_389;7;389;parco delle Cave;114601;S327554;Area fruizione cani;1997/01/01;6077.01075804643;311.6513250883;9.101545728;45.4736339395;"(45.4736339395, 9.101545728)"
7_277;7;277;via Dezza;168036;S327554;Area fruizione cani;2020/08/19;308.948774941849;75.8516176705776;9.1630188695;45.4594346823;"(45.4594346823, 9.1630188695)"
7_277;7;277;via Dezza;168035;S327554;Area fruizione cani;2020/08/19;494.818896383927;92.940446412439;9.1608144443;45.4605474741;"(45.4605474741, 9.1608144443)"
7_192;7;192;giardino Marangoni Luigi;25426;S327554;Area fruizione cani;2003/09/26;980.053500015339;159.277178960321;9.1225802597;45.4744452829;"(45.4744452829, 9.1225802597)"
7_063;7;063;piazza Siena;47476;S327554;Area fruizione cani;2009/07/01;1003.70346487412;132.171570393428;9.137207586;45.465267015;"(45.465267015, 9.137207586)"
7_073;7;073;parco in Memoria delle vittime Italiane nei Gulag;25497;S327554;Area fruizione cani;2003/10/14;3082.65685819267;239.992922589337;9.0957740467;45.4561105841;"(45.4561105841, 9.0957740467)"
7_328;7;328;vie Val d'Intelvi - Sgambati;25357;S327554;Area fruizione cani;2003/08/05;284.261749996422;87.8890326558172;9.08840742;45.4611788396;"(45.4611788396, 9.08840742)"
7_420;7;420;giardino Carlo Ramous;122007;S327554;Area fruizione cani;2015/05/26;883.012013844311;143.92487976658;9.1294307396;45.4767102868;"(45.4767102868, 9.1294307396)"
7_109;7;109;giardino A.I.D.O.;47478;S327554;Area fruizione cani;2009/07/01;1358.65718077524;154.217009048851;9.1080660004;45.4568932288;"(45.4568932288, 9.1080660004)"
7_109;7;109;giardino A.I.D.O.;47477;S327554;Area fruizione cani;2009/07/01;708.298351012794;113.986812216309;9.1072829655;45.4593991517;"(45.4593991517, 9.1072829655)"
7_014;7;014;via Luraghi;112246;S327554;Area fruizione cani;2012/06/19;1267.57706918112;156.020770943881;9.0855782217;45.4539980953;"(45.4539980953, 9.0855782217)"
7_338;7;338;parco Annarumma Antonio;48730;S327554;Area fruizione cani;2010/02/26;898.614490891747;122.950243620883;9.1154176977;45.4577510348;"(45.4577510348, 9.1154176977)"
7_338;7;338;parco Annarumma Antonio;48731;S327554;Area fruizione cani;2010/02/26;922.517751425145;169.8606583505;9.1153190319;45.4582425884;"(45.4582425884, 9.1153190319)"
7_338;7;338;parco Annarumma Antonio;53340;S327554;Area fruizione cani;2011/07/15;1002.35868564282;112.270048331455;9.1189356689;45.4590944063;"(45.4590944063, 9.1189356689)"
7_338;7;338;parco Annarumma Antonio;53339;S327554;Area fruizione cani;2011/07/15;691.306773483048;93.2392091164726;9.1187331763;45.4587604016;"(45.4587604016, 9.1187331763)"
7_231;7;231;piazza Selinunte;48608;S327554;Area fruizione cani;2008/06/18;252.805758897748;64.7826677104322;9.1377664409;45.4717950689;"(45.4717950689, 9.1377664409)"
7_231;7;231;piazza Selinunte;48607;S327554;Area fruizione cani;2008/06/18;233.985182306991;63.5398257449312;9.1370350175;45.4718421271;"(45.4718421271, 9.1370350175)"
7_276;7;276;piazza Po;166303;S327554;Area fruizione cani;2019/12/19;1278.3327881639;153.503705433065;9.1586820566;45.4622169516;"(45.4622169516, 9.1586820566)"
7_276;7;276;piazza Po;166304;S327554;Area fruizione cani;2019/12/19;839.537714295828;131.798441781212;9.1584507235;45.462553198;"(45.462553198, 9.1584507235)"
8_041;8;041;vie Trenno - Ippodromo;166954;S327554;Area fruizione cani;2020/06/05;1296.78940687933;169.690624069785;9.1231205596;45.4859111272;"(45.4859111272, 9.1231205596)"
8_049;8;049;via Chiarelli;25502;S327554;Area fruizione cani;2003/08/05;1029.34811919443;169.479431396178;9.1200407079;45.4918190738;"(45.4918190738, 9.1200407079)"
8_431;8;431;giardino Salvador Allende;112445;S327554;Area fruizione cani;2012/07/01;944.649886681841;151.9888999263;9.1611871075;45.4820767143;"(45.4820767143, 9.1611871075)"
8_014;8;014;vie Borsa - Cilea;119790;S327554;Area fruizione cani;2014/10/27;1401.52878510166;193.573859086538;9.0963375177;45.5012389511;"(45.5012389511, 9.0963375177)"
8_525;8;525;parco Guido Vergani;128433;S327554;Area fruizione cani;2015/12/18;2045.41825671831;189.031261738377;9.1621833401;45.471289565;"(45.471289565, 9.1621833401)"
8_525;8;525;parco Guido Vergani;123571;S327554;Area fruizione cani;2015/09/24;1147.95488633838;137.233907411266;9.1618697475;45.4707799916;"(45.4707799916, 9.1618697475)"
8_528;8;528;giardino Carmelo Bene;123595;S327554;Area fruizione cani;2015/09/21;1105.75864283663;147.279722744984;9.1643281675;45.4941622159;"(45.4941622159, 9.1643281675)"
8_538;8;538;"vie Fabrizi, Cinque Maggio, Aldini, Eritrea";132457;S327554;Area fruizione cani;2017/05/18;403.675898570368;84.5506338788342;9.1346667236;45.5114740092;"(45.5114740092, 9.1346667236)"
8_013;8;013;giardino Ilaria Alpi;173260;S327554;Area fruizione cani;2023/02/17;1967.96567488339;170.008076129862;9.0973471912;45.5037519238;"(45.5037519238, 9.0973471912)"
8_156;8;156;piazza Firenze;173149;S327554;Area fruizione cani;2022/12/31;726.152548183823;131.82793992675;9.1568218037;45.4885675572;"(45.4885675572, 9.1568218037)"
8_523;8;523;parco Valentino Bompiani;40916;S327554;Area fruizione cani;2007/05/01;4363.01779746917;287.280923975252;9.164697218;45.4780344002;"(45.4780344002, 9.164697218)"
8_071;8;071;piazzale Lotto;132034;S327554;Area fruizione cani;2017/03/15;1006.27986888158;132.788717241147;9.141039233;45.4799482667;"(45.4799482667, 9.141039233)"
8_024;8;024;giardini dei Caduti di Nassiriya;131668;S327554;Area fruizione cani;2017/01/27;613.717093183155;100.046528440124;9.1291798103;45.493586053;"(45.493586053, 9.1291798103)"
8_326;8;326;via Tolentino;25394;S327554;Area fruizione cani;2003/10/09;2899.11494998719;223.889748981431;9.1596843103;45.4894942853;"(45.4894942853, 9.1596843103)"
8_064;8;064;via Terzaghi;131934;S327554;Area fruizione cani;2017/02/08;831.852168466258;121.481201589952;9.1329297966;45.4868035877;"(45.4868035877, 9.1329297966)"
8_036;8;036;parco Sandro Pertini;166309;S327554;Area fruizione cani;2019/10/01;1060.65781107816;176.165301594278;9.1075088849;45.4971959691;"(45.4971959691, 9.1075088849)"
8_309;8;309;piazza Coriolano;47019;S327554;Area fruizione cani;2009/07/01;733.859054509821;206.979691986057;9.1745404925;45.487681255;"(45.487681255, 9.1745404925)"
8_036;8;036;parco Sandro Pertini;166310;S327554;Area fruizione cani;2019/10/01;1724.03269937523;173.20801184984;9.1070160257;45.4971942025;"(45.4971942025, 9.1070160257)"
8_036;8;036;parco Sandro Pertini;166311;S327554;Area fruizione cani;2019/10/01;1051.33378624562;133.227033963658;9.1060999395;45.4947522669;"(45.4947522669, 9.1060999395)"
8_036;8;036;parco Sandro Pertini;166312;S327554;Area fruizione cani;2019/10/01;1010.4181246226;134.957287942546;9.106300869;45.4945569913;"(45.4945569913, 9.106300869)"
8_009;8;009;vie Boine - Collecchio;25438;S327554;Area fruizione cani;2003/08/06;790.731750001179;108.763275535442;9.1429221926;45.4852257541;"(45.4852257541, 9.1429221926)"
8_516;8;516;parco Cascina Merlata;140897;S327554;Area fruizione cani;2018/11/30;474.407273313229;92.7185654398043;9.1045876776;45.5094287985;"(45.5094287985, 9.1045876776)"
8_516;8;516;parco Cascina Merlata;140898;S327554;Area fruizione cani;2018/11/30;545.088193204806;97.0127287918458;9.1041857514;45.5093374762;"(45.5093374762, 9.1041857514)"
8_516;8;516;parco Cascina Merlata;140939;S327554;Area fruizione cani;2018/11/30;1272.88042834555;139.541075930855;9.1046726989;45.5111930836;"(45.5111930836, 9.1046726989)"
8_533;8;533;vie Ludovico di Breme - Giovanni da Udine;139747;S327554;Area fruizione cani;2018/10/05;435.014359940534;94.7106295790426;9.1373407832;45.4995497599;"(45.4995497599, 9.1373407832)"
8_168;8;168;vie Aldini - Graf;173125;S327554;Area fruizione cani;2022/12/17;1058.88880860137;162.526539539566;9.1390930303;45.5129589437;"(45.5129589437, 9.1390930303)"
8_305;8;305;vie Messina - Calvino;25393;S327554;Area fruizione cani;2003/10/09;432.908899996958;98.025957976355;9.1714673053;45.4889206752;"(45.4889206752, 9.1714673053)"
8_341;8;341;piazza Giulio Cesare;25448;S327554;Area fruizione cani;2003/10/09;1007.63804999478;126.550906349255;9.1565284096;45.4737032785;"(45.4737032785, 9.1565284096)"
8_209;8;209;parco di Villa Scheibler;26896;S327554;Area fruizione cani;2003/10/14;1743.64705000405;176.302495109809;9.1307137269;45.5171888987;"(45.5171888987, 9.1307137269)"
8_209;8;209;parco di Villa Scheibler;26897;S327554;Area fruizione cani;2003/10/14;1452.7260999908;155.135827819235;9.1315125359;45.5145948278;"(45.5145948278, 9.1315125359)"
8_209;8;209;parco di Villa Scheibler;26898;S327554;Area fruizione cani;2003/10/14;1124.04989999423;135.267524057004;9.133794181;45.5140870812;"(45.5140870812, 9.133794181)"
8_209;8;209;parco di Villa Scheibler;26899;S327554;Area fruizione cani;2003/10/14;1282.55300000436;147.083124891362;9.1353239957;45.5171954389;"(45.5171954389, 9.1353239957)"
8_223;8;223;via De Roberto;131501;S327554;Area fruizione cani;2016/12/23;414.8102911351;89.7705487963997;9.1381377952;45.5146774136;"(45.5146774136, 9.1381377952)"
8_033;8;033;via Lampugnano;25498;S327554;Area fruizione cani;2014/08/01;1144.66370817833;150.967641910826;9.1121170124;45.4913339452;"(45.4913339452, 9.1121170124)"
8_206;8;206;via Sapri;47522;S327554;Area fruizione cani;2009/07/01;1846.41539800245;177.208427359453;9.1295698088;45.5071089673;"(45.5071089673, 9.1295698088)"
8_038;8;038;giardino Pierangelo Bertoli;112434;S327554;Area fruizione cani;2012/05/16;1764.3523472553;183.654590123774;9.1191398225;45.4945080603;"(45.4945080603, 9.1191398225)"
8_038;8;038;giardino Pierangelo Bertoli;112433;S327554;Area fruizione cani;2012/05/16;1864.17187944543;197.44536560351;9.118816731;45.4942229181;"(45.4942229181, 9.118816731)"
8_222;8;222;vie Villapizzone - Cretese;48204;S327554;Area fruizione cani;2009/07/01;871.503694033063;116.414175612779;9.1457877281;45.5018414813;"(45.5018414813, 9.1457877281)"
8_219;8;219;vie Traiano - Colonna - Arnaboldi;53325;S327554;Area fruizione cani;2011/06/30;491.404901243092;137.286510935025;9.1478612549;45.49040263;"(45.49040263, 9.1478612549)"
8_541;8;541;vie Appennini - Consolini - Bolla;166436;S327554;Area fruizione cani;2020/02/06;601.367895487986;98.7380196418878;9.1090507355;45.5026377492;"(45.5026377492, 9.1090507355)"
8_161;8;161;piazzale Chiesa Damiano;47015;S327554;Area fruizione cani;2009/07/01;337.375295613057;71.7006200346462;9.1558949074;45.4840747481;"(45.4840747481, 9.1558949074)"
8_162;8;162;parco Testori;25447;S327554;Area fruizione cani;2014/06/19;1663.86990646273;172.106288311165;9.1553043905;45.4993218096;"(45.4993218096, 9.1553043905)"
8_174;8;174;vie Castelli - Fusinato - Riccione;130593;S327554;Area fruizione cani;2016/08/08;691.080455147748;122.548199367013;9.1528295385;45.5002543489;"(45.5002543489, 9.1528295385)"
8_174;8;174;vie Castelli - Fusinato - Riccione;47016;S327554;Area fruizione cani;2009/07/01;381.763787940326;103.734728402885;9.1520934753;45.500885019;"(45.500885019, 9.1520934753)"
8_452;8;452;parco Franco Verga;141468;S327554;Area fruizione cani;2019/07/26;1285.51212598163;140.112209310622;9.1456405118;45.5072123568;"(45.5072123568, 9.1456405118)"
8_452;8;452;parco Franco Verga;114812;S327554;Area fruizione cani;2013/03/01;1245.65887696045;152.9576248211;9.1408553818;45.5071247785;"(45.5071247785, 9.1408553818)"
8_199;8;199;piazzale Accursio;25491;S327554;Area fruizione cani;2003/10/14;922.663350002736;163.767900291325;9.1458127102;45.4921559754;"(45.4921559754, 9.1458127102)"
8_199;8;199;piazzale Accursio;25490;S327554;Area fruizione cani;2013/03/25;631.949326194823;131.176355089741;9.1452731213;45.4932797173;"(45.4932797173, 9.1452731213)"
9_218;9;218;viali Sarca - Silvestri - Fulvio Testi;122425;S327554;Area fruizione cani;2015/06/13;714.446949436176;116.16149377864;9.2063869609;45.5120049438;"(45.5120049438, 9.2063869609)"
9_270;9;270;vie Giolli - Testi;25429;S327554;Area fruizione cani;2012/09/21;424.52559223026;112.661591824697;9.2101049074;45.5239618702;"(45.5239618702, 9.2101049074)"
9_267;9;267;viale Ca' Granda - De Angelis;47018;S327554;Area fruizione cani;2009/07/01;438.340536023024;95.3197901136909;9.1907948163;45.5083613712;"(45.5083613712, 9.1907948163)"
9_370;9;370;viale Fulvio Testi - della Porta;171569;S327554;Area fruizione cani;2022/03/23;299.254731110223;69.8223749317291;9.2064560766;45.5182884963;"(45.5182884963, 9.2064560766)"
9_280;9;280;giardino Maria Peron e suor Giovanna Mosna;43474;S327554;Area fruizione cani;2008/08/24;408.454214674536;89.4583531315832;9.1961539055;45.5205984477;"(45.5205984477, 9.1961539055)"
9_030;9;030;via De Castillia;117444;S327554;Area fruizione cani;2014/03/12;703.588153745681;131.411950205379;9.1879628521;45.485440011;"(45.485440011, 9.1879628521)"
9_150;9;150;parco delle Favole;175470;S327554;Area fruizione cani;2024/01/08;746.881500047054;110.802587822779;9.1789517027;45.5130119288;"(45.5130119288, 9.1789517027)"
9_140;9;140;vie Forni - Comasina - Modignani;25431;S327554;Area fruizione cani;2013/05/07;973.749506000914;150.024058696542;9.168113734;45.5240172238;"(45.5240172238, 9.168113734)"
9_148;9;148;parco Villa Litta;25456;S327554;Area fruizione cani;2003/11/10;8938.2865499917;620.562546229807;9.1678942992;45.5152346437;"(45.5152346437, 9.1678942992)"
9_138;9;138;vie Dora Riparia - Carli - Salvemini;25436;S327554;Area fruizione cani;2003/05/29;400.047250005418;76.2219435046525;9.1652739377;45.5275885711;"(45.5275885711, 9.1652739377)"
9_547;9;547;piazza Einaudi - viale della Liberazione;140505;S327554;Area fruizione cani;2018/11/15;846.717858891934;180.334940943784;9.1942593939;45.4830392068;"(45.4830392068, 9.1942593939)"
9_428;9;428;vie Sarca - Emanueli;175469;S327554;Area fruizione cani;2024/01/08;1068.78084597427;137.228610614115;9.2094591566;45.5161192405;"(45.5161192405, 9.2094591566)"
9_028;9;028;vie Cusio - Toce - Boltraffio;139485;S327554;Area fruizione cani;2018/06/18;570.917999987533;127.401586166754;9.1870083736;45.4929337298;"(45.4929337298, 9.1870083736)"
9_045;9;045;vie Stelvio - Bassi;114656;S327554;Area fruizione cani;2013/03/13;802.150861037884;157.652297973317;9.1896010224;45.493982202;"(45.493982202, 9.1896010224)"
9_262;9;262;giardino Gina Galeotti Bianchi;122422;S327554;Area fruizione cani;2015/06/12;292.82463752266;79.6999346254412;9.1889850358;45.5148111515;"(45.5148111515, 9.1889850358)"
9_502;9;502;vie Sesto San Giovanni - Padre Gerardo Beccaro;117324;S327554;Area fruizione cani;2012/01/01;735.651215852662;108.769619765849;9.2155465883;45.5157246495;"(45.5157246495, 9.2155465883)"
9_536;9;536;vie Bovisasca - Cosenz;131453;S327554;Area fruizione cani;2016/10/04;647.968925550552;112.910321603751;9.1601982758;45.5090771405;"(45.5090771405, 9.1601982758)"
9_215;9;215;via Racconigi;131662;S327554;Area fruizione cani;2017/01/20;2234.93981676275;198.978901546875;9.1989023395;45.5124143094;"(45.5124143094, 9.1989023395)"
9_215;9;215;via Racconigi;176947;S327554;Area fruizione cani;2024/09/20;359.429700877168;76.3803989219019;9.194646846;45.5130990576;"(45.5130990576, 9.194646846)"
9_548;9;548;vie Senigallia - Girardengo;176583;S327554;Area fruizione cani;2024/08/10;920.005850017182;131.555726660683;9.1651567414;45.5327823895;"(45.5327823895, 9.1651567414)"
9_132;9;132;parco Walter Chiari;47486;S327554;Area fruizione cani;2009/07/01;520.217666320994;110.07798016828;9.1540155473;45.5156496549;"(45.5156496549, 9.1540155473)"
9_132;9;132;parco Walter Chiari;47487;S327554;Area fruizione cani;2009/07/01;980.171993073162;138.91908477084;9.1530832662;45.5144262205;"(45.5144262205, 9.1530832662)"
9_546;9;546;parco della Torre;140080;S327554;Area fruizione cani;2018/09/27;1261.76726591724;161.445568792705;9.2129843534;45.5225204588;"(45.5225204588, 9.2129843534)"
9_032;9;032;vie Populonia - Murat - Valassina;25388;S327554;Area fruizione cani;2003/03/05;1356.37759999736;162.595051733461;9.1888586818;45.500292017;"(45.500292017, 9.1888586818)"
9_233;9;233;via Santagostino Paolo;122421;S327554;Area fruizione cani;2015/06/18;888.43835743531;119.466988555342;9.1939317341;45.5164032602;"(45.5164032602, 9.1939317341)"
9_263;9;263;via Cagni;122427;S327554;Area fruizione cani;2015/06/18;1368.49269334087;158.696491311325;9.2041930919;45.5219141716;"(45.5219141716, 9.2041930919)"
9_263;9;263;via Cagni;122428;S327554;Area fruizione cani;2015/06/18;927.86877033886;128.830146164611;9.2052803703;45.5204922537;"(45.5204922537, 9.2052803703)"
9_096;9;096;vie Tartini - Candiani;51119;S327554;Area fruizione cani;2010/12/05;768.288922034826;125.998401396201;9.1733811506;45.5068677065;"(45.5068677065, 9.1733811506)"
9_096;9;096;vie Tartini - Candiani;51120;S327554;Area fruizione cani;2010/12/05;997.351716253906;198.224556426632;9.173279161;45.5065137141;"(45.5065137141, 9.173279161)"
9_375;9;375;via Maloja;52453;S327554;Area fruizione cani;2011/01/28;254.562438399476;70.911653957687;9.1767187144;45.4944362409;"(45.4944362409, 9.1767187144)"
9_071;9;071;vie Maffucci - Acerenza;25334;S327554;Area fruizione cani;2012/06/01;463.46088207829;86.4699880195653;9.1705918791;45.5009027419;"(45.5009027419, 9.1705918791)"
9_071;9;071;vie Maffucci - Acerenza;117325;S327554;Area fruizione cani;2012/06/01;518.295518928633;92.6082898904692;9.1708329905;45.5010317391;"(45.5010317391, 9.1708329905)"
9_137;9;137;vie Don Grioli - Cialdini - Pellegrino Rossi;120505;S327554;Area fruizione cani;2015/01/23;955.90231259161;124.528148964003;9.1723805733;45.5125314149;"(45.5125314149, 9.1723805733)"
9_161;9;161;vie Vincenzo da Seregno - Bisnati;47021;S327554;Area fruizione cani;2009/07/01;812.641678151666;113.223483965444;9.1765636967;45.5227005439;"(45.5227005439, 9.1765636967)"
9_384;9;384;giardino Bruno Munari;25503;S327554;Area fruizione cani;2012/06/08;1036.74594405111;141.698703698223;9.1858426259;45.4918160163;"(45.4918160163, 9.1858426259)"
9_505;9;505;parco Nord;114476;S327554;Area fruizione cani;1983/01/01;17819.3440608674;633.056442860562;9.2038772675;45.5281793728;"(45.5281793728, 9.2038772675)"
9_505;9;505;parco Nord;114475;S327554;Area fruizione cani;1983/01/01;4427.61721596104;309.553167748461;9.1813511451;45.5153488302;"(45.5153488302, 9.1813511451)"
9_505;9;505;parco Nord;114477;S327554;Area fruizione cani;1983/01/01;11545.744693466;493.48816692206;9.200126231;45.5261968374;"(45.5261968374, 9.200126231)"
9_505;9;505;parco Nord;114478;S327554;Area fruizione cani;1983/01/01;28665.7339155263;709.857840004839;9.2009011318;45.5232013773;"(45.5232013773, 9.2009011318)"
9_505;9;505;parco Nord;114479;S327554;Area fruizione cani;1983/01/01;9629.69555871541;522.907164755797;9.185306861;45.514593473;"(45.514593473, 9.185306861)"
9_505;9;505;parco Nord;114480;S327554;Area fruizione cani;1983/01/01;13570.7635060027;511.750116732565;9.1769259421;45.5319703403;"(45.5319703403, 9.1769259421)"
9_505;9;505;parco Nord;114481;S327554;Area fruizione cani;1983/01/01;11705.6213195367;498.762902589635;9.1850178317;45.5180964785;"(45.5180964785, 9.1850178317)"
9_505;9;505;parco Nord;114470;S327554;Area fruizione cani;1983/01/01;7282.21203361452;367.965741630667;9.1894450943;45.5250622864;"(45.5250622864, 9.1894450943)"
9_505;9;505;parco Nord;114474;S327554;Area fruizione cani;1983/01/01;3877.38709036082;314.407000262297;9.1806302315;45.5144756978;"(45.5144756978, 9.1806302315)"
9_505;9;505;parco Nord;114484;S327554;Area fruizione cani;1983/01/01;9197.20614188689;491.227319205585;9.1783355161;45.5202030213;"(45.5202030213, 9.1783355161)"
9_505;9;505;parco Nord;114485;S327554;Area fruizione cani;1983/01/01;8205.58246969932;440.05118285196;9.1820774286;45.5206966102;"(45.5206966102, 9.1820774286)"
9_505;9;505;parco Nord;114491;S327554;Area fruizione cani;1983/01/01;25772.3855529344;809.178884078886;9.1826547459;45.5225129062;"(45.5225129062, 9.1826547459)"
9_021;9;021;piazzale Maciachini - Marche - Valassina;171571;S327554;Area fruizione cani;2022/03/30;992.621685729415;134.704492085945;9.1877650675;45.4977846075;"(45.4977846075, 9.1877650675)"
9_509;9;509;vie Pesaro - Urbino;115199;S327554;Area fruizione cani;2013/08/14;545.40836616225;114.158665163345;9.1714820162;45.5305884668;"(45.5305884668, 9.1714820162)"
9_244;9;244;vie Val Cismon - Padre Luigi Monti;25450;S327554;Area fruizione cani;2003/03/13;782.808900010585;116.509746089796;9.1945492688;45.5053126145;"(45.5053126145, 9.1945492688)"
9_092;9;092;giardino Pagani Cesare;120503;S327554;Area fruizione cani;2015/01/22;389.043338847139;102.778957647036;9.1777881068;45.5045641314;"(45.5045641314, 9.1777881068)"
9_273;9;273;via Gregorovius;25474;S327554;Area fruizione cani;2003/07/11;446.943449996215;101.872172254715;9.1964329917;45.5153298558;"(45.5153298558, 9.1964329917)"
9_141;9;141;viale Fermi Enrico;47020;S327554;Area fruizione cani;2009/07/01;1938.53009958824;182.669392853226;9.1767169927;45.5190104493;"(45.5190104493, 9.1767169927)"
9_236;9;236;vie Siderno - Padre Luigi Monti - Gatti;47017;S327554;Area fruizione cani;2009/08/01;823.911288805379;120.889378470475;9.1911089815;45.5048816808;"(45.5048816808, 9.1911089815)"
9_434;9;434;"vie Pozzobonelli, Sogno";43889;S327554;Area fruizione cani;2008/07/24;221.758280732226;57.5083128704255;9.195549141;45.5224517722;"(45.5224517722, 9.195549141)"
9_499;9;499;parco biblioteca degli alberi;140501;S327554;Area fruizione cani;2018/11/15;1303.81316215545;142.392272432219;9.1907737965;45.4845716953;"(45.4845716953, 9.1907737965)"
9_235;9;235;viale Sarca - Silvestri;117371;S327554;Area fruizione cani;2014/02/16;364.323694716423;79.7393800211331;9.2070210845;45.5133254014;"(45.5133254014, 9.2070210845)"
9_383;9;383;viale Sarca - via Cozzi;47028;S327554;Area fruizione cani;2009/07/01;1450.98299879435;157.492128637653;9.2085628335;45.5088578879;"(45.5088578879, 9.2085628335)"
9_404;9;404;viale Cà Granda - Testi - Guarini Matteucci;25324;S327554;Area fruizione cani;2011/01/01;550.726095188759;96.3463313035643;9.1991666628;45.5057699668;"(45.5057699668, 9.1991666628)"
9_091;9;091;parco Nicolò Savarino;25442;S327554;Area fruizione cani;2003/06/18;1879.12675000736;176.991838931898;9.1773914234;45.4990081894;"(45.4990081894, 9.1773914234)"
9_091;9;091;parco Nicolò Savarino;25441;S327554;Area fruizione cani;2003/06/18;1277.499250021;143.543831999728;9.1761941846;45.4981343258;"(45.4981343258, 9.1761941846)"
9_036;9;036;giardino Wanda Osiris;25440;S327554;Area fruizione cani;2003/06/18;2016.53014999327;211.347870477574;9.1953166882;45.5030557382;"(45.5030557382, 9.1953166882)"
9_556;9;556;vie Catone - Maffucci;175468;S327554;Area fruizione cani;2024/01/08;467.273673538834;87.6610819553414;9.1719243032;45.4974287679;"(45.4974287679, 9.1719243032)"
9_159;9;159;"vie Bovisasca - Modignani - Assietta "" Pioppeto Boviscasca""";122423;S327554;Area fruizione cani;2015/06/13;1158.44124332869;147.915796345233;9.1562387484;45.5178287636;"(45.5178287636, 9.1562387484)"
9_095;9;095;piazzale Lugano;25501;S327554;Area fruizione cani;2003/06/18;741.116749996495;108.191501881594;9.1656255104;45.4980342041;"(45.4980342041, 9.1656255104)"
9_154;9;154;vie Della Senna - Fontanelli;25349;S327554;Area fruizione cani;2013/05/10;559.757824323871;112.884133255739;9.173430989;45.5251533321;"(45.5251533321, 9.173430989)"
